INSERT IGNORE INTO `cms_block` (`block_id`, `title`, `identifier`, `content`, `creation_time`, `update_time`, `is_active`)
VALUES
    (500, 'Menu - Clothes - Row with Images', 'menu-clothes-images', '<ul class=\"list mega-menu__inner-list\">\r\n<li class=\"list__item mega-menu__inner-item\">\r\n<a class=\"link mega-menu__inner-link\" tabindex=\"-1\">\r\n<span class=\"lazyload-wrapper\"><img class=\"image lazyload\" alt=\"Title 1\" data-src=\"{{config path=\"web/secure/base_url\"}}media/wysiwyg/menu/160x160.jpg\"></span>\r\nTitle 1</a>\r\n</li>\r\n<li class=\"list__item mega-menu__inner-item\">\r\n<a class=\"link mega-menu__inner-link\" tabindex=\"-1\">\r\n<span class=\"lazyload-wrapper\"><img class=\"image lazyload\" alt=\"Title 2\" data-src=\"{{config path=\"web/secure/base_url\"}}media/wysiwyg/menu/160x160.jpg\"></span>\r\nTitle 2</a>\r\n</li>\r\n<li class=\"list__item mega-menu__inner-item\">\r\n<a class=\"link mega-menu__inner-link\" tabindex=\"-1\">\r\n<span class=\"lazyload-wrapper\"><img class=\"image lazyload\" alt=\"Title 3\" data-src=\"{{config path=\"web/secure/base_url\"}}media/wysiwyg/menu/160x160.jpg\"></span>\r\nTitle 3</a>\r\n</li>\r\n<li class=\"list__item mega-menu__inner-item\">\r\n<a class=\"link mega-menu__inner-link\" tabindex=\"-1\">\r\n<span class=\"lazyload-wrapper\"><img class=\"image lazyload\" alt=\"Title 4\" data-src=\"{{config path=\"web/secure/base_url\"}}media/wysiwyg/menu/160x160.jpg\"></span>\r\nTitle 4</a>\r\n</li>\r\n<li class=\"list__item mega-menu__inner-item\">\r\n<a class=\"link mega-menu__inner-link\" tabindex=\"-1\">\r\n<span class=\"lazyload-wrapper\"><img class=\"image lazyload\" alt=\"Title 5\" data-src=\"{{config path=\"web/secure/base_url\"}}media/wysiwyg/menu/160x160.jpg\"></span>\r\nTitle 5</a>\r\n</li>\r\n<li class=\"list__item mega-menu__inner-item\">\r\n<a class=\"link mega-menu__inner-link\" tabindex=\"-1\">\r\n<span class=\"lazyload-wrapper\"><img class=\"image lazyload\" alt=\"Title 6\" data-src=\"{{config path=\"web/secure/base_url\"}}media/wysiwyg/menu/160x160.jpg\"></span>\r\nTitle 6</a>\r\n</li>\r\n</ul>', '2019-10-03 20:34:04', '2020-09-08 16:28:28', 1),
    (501, 'Header Top Promo Bar', 'header-top-bar', 'Subscribe and get 10$ for Shopping!', '2019-10-03 22:17:05', '2019-10-03 22:17:05', 1),
    (502, 'Header Contact & Links', 'header-contact-links', '<ul class=\"list contact-bar__list\">\r\n<li class=\"list-item contact-bar__item\"><a class=\"contact-bar__link\" href=\"/customer/account\"><span class=\"button__text contact-bar__text\">Account</span></a></li>\r\n<li class=\"list-item contact-bar__item\"><a class=\"contact-bar__link\" href=\"/blog\"><span class=\"button__text contact-bar__text\">Blog</span></a></li>\r\n<li class=\"list-item contact-bar__item\"><a class=\"contact-bar__link\" href=\"/contact\"><span class=\"button__text contact-bar__text\">Contact</span></a></li>\r\n</ul>\r\n<ul class=\"list contact-bar__list contact-bar__list--icons\">\r\n<li class=\"list-item contact-bar__item\"><a class=\"contact-bar__link\" href=\"tel:8001234567\"> <span class=\"contact-bar__icon\" aria-label=\"\"> {{block class=\"Magento\\Framework\\View\\Element\\Template\" template=\"Magento_Theme::html/svg-icon.phtml\" icon=\"phone\" title=\"Phone\"}} </span> <span class=\"contact-bar__text\"> Call us for free 800 - 123 - 4567 </span> </a></li>\r\n<li class=\"contact-bar__item\"><a class=\"contact-bar__link\" href=\"mailto:test@test.com\"> <span class=\"contact-bar__icon\" aria-label=\"\"> {{block class=\"Magento\\Framework\\View\\Element\\Template\" template=\"Magento_Theme::html/svg-icon.phtml\" icon=\"envelope\" title=\"Email\"}} </span> <span class=\"contact-bar__text\"> Email Us </span> </a></li>\r\n</ul>', '2019-10-03 22:19:12', '2020-09-24 06:51:58', 1),
    (503, 'Header Brief Info', 'header-brief-info', '<div class=\"brief-info brief-info--link\">\r\n<ul class=\"list brief-info__items-container\">\r\n<li class=\"brief-info__list-item list__item\"><a class=\"link button button--icon button--icon-light brief-info__link\" href=\"/free-shipping\"> <span class=\"brief-info__icon-wrapper\"> {{block class=\"Magento\\Framework\\View\\Element\\Template\" template=\"Magento_Theme::html/svg-icon.phtml\" icon=\"delivery-truck\" title=\"Free shipping icon\" icon_class=\"brief-info__icon\" role=\"presentation\"}} </span> <span class=\"brief-info__title \"> Free Shipping </span> <span class=\"brief-info__subtitle\"> On Hundreds of Products </span> </a></li>\r\n</ul>\r\n</div>', '2019-10-03 22:22:19', '2019-12-02 12:18:57', 1),
    (504, 'Footer Newsletter', 'footer-newsletter', '<h2 class=\"newsletter__title\">Join our email list</h2>\r\n<p class=\"newsletter__subtitle\">Sign up for savings and product announcements</p>', '2019-10-03 22:23:59', '2019-10-16 13:14:13', 1),
    (505, 'Footer Newsletter Terms', 'footer-newsletter-terms', '<span class=\"checkbox__text\">I agree to <a title=\"Terms and conditions\" href=\"/terms-conditions\">Terms and conditions</a> and I am happy to receive your newsletter with all your promotions.</span>', '2019-10-03 22:25:25', '2020-09-28 12:25:39', 1),
    (506, 'Footer Social', 'footer-social', '<h3 class=\"footer__social-list-title\">Let\'s get social!</h3>\r\n<ul class=\" \r\n        list\r\n        list--with-icon\r\n        list--horizontal\r\n        footer__social-list\r\n    \">\r\n<li class=\"list__item\"><a class=\"list__icon-link button button--icon button--icon-border\" href=\"#\" aria-label=\"Go to Our Facebook Page\"> {{block class=\"Magento\\Framework\\View\\Element\\Template\" template=\"Magento_Theme::html/svg-icon.phtml\" icon=\"facebook\" title=\"Facebook logo\" icon_class=\"icon footer__social-icon\"}} </a></li>\r\n<li class=\"list__item\"><a class=\"list__icon-link button button--icon button--icon-border\" href=\"#\" aria-label=\"Check our Twitter\"> {{block class=\"Magento\\Framework\\View\\Element\\Template\" template=\"Magento_Theme::html/svg-icon.phtml\" icon=\"twitter\" title=\"Twitter logo\" icon_class=\"icon footer__social-icon\"}} </a></li>\r\n</ul>', '2019-10-03 22:26:33', '2019-11-20 08:20:31', 1),
    (507, 'Footer Bottom Bar', 'footer-bottom-bar', '<div class=\"footer__copyright\"><small>Copyright © 2019 Alpaca</small></div>\r\n<ul class=\"\r\n        footer__payments-list\r\n        list\r\n        list--horizontal\r\n    \">\r\n<li class=\"list__item\">{{block class=\"Magento\\Framework\\View\\Element\\Template\" template=\"Magento_Theme::html/svg-icon.phtml\" icon=\"visa\" title=\"Visa\" icon_class=\"footer__payments-list-icon footer__payments-list-icon--visa\"}}</li>\r\n<li class=\"list__item\">{{block class=\"Magento\\Framework\\View\\Element\\Template\" template=\"Magento_Theme::html/svg-icon.phtml\" icon=\"master-card\" title=\"Master Card\" icon_class=\"footer__payments-list-icon\"}}</li>\r\n<li class=\"list__item\">{{block class=\"Magento\\Framework\\View\\Element\\Template\" template=\"Magento_Theme::html/svg-icon.phtml\" icon=\"discover\" title=\"Discover\" icon_class=\"footer__payments-list-icon\"}}</li>\r\n<li class=\"list__item\">{{block class=\"Magento\\Framework\\View\\Element\\Template\" template=\"Magento_Theme::html/svg-icon.phtml\" icon=\"american-express\" title=\"American Express\" icon_class=\"footer__payments-list-icon\"}}</li>\r\n<li class=\"list__item\">{{block class=\"Magento\\Framework\\View\\Element\\Template\" template=\"Magento_Theme::html/svg-icon.phtml\" icon=\"paypal\" title=\"PayPal\" icon_class=\"footer__payments-list-icon\"}}</li>\r\n</ul>', '2019-10-03 22:34:12', '2019-12-03 11:15:28', 1),
    (508, 'Footer Cookie Message', 'footer-cookie-message', '<p class=\"cookie-message__text\">Find out more about their purpose and settings in your browser. By browsing the site you are agreeing to use cookies according to your browser settings.&nbsp;<a title=\"Privacy and Cookie Policy\" href=\"privacy-policy-cookie-restriction-mode\" target=\"_blank\" rel=\"noopener\">Privacy and Cookie Policy</a></p>', '2019-10-16 13:46:48', '2020-03-04 10:41:05', 0),
    (509, 'Contact form description', 'contact-form-description', '<p>Jot us a note and we’ll get back to you as quickly as possible.</p>', '2019-10-23 12:32:49', '2019-10-23 12:32:49', 1),
    (510, 'Home brief info', 'home-brief-info', '<section class=\"section display-none-m\">\r\n<div class=\"section__content\">\r\n<div class=\"brief-info brief-info--dividers\">\r\n<ul class=\"list brief-info__items-container\">\r\n<li class=\"brief-info__item\"><span class=\"\r\n                            brief-info__icon-wrapper\r\n                            margin-right-xs\r\n                        \" aria-label=\"Return policy\"> {{block class=\"Magento\\Framework\\View\\Element\\Template\" template=\"Magento_Theme::html/svg-icon.phtml\" icon=\"return\" icon_class=\"icon brief-info__icon\" title=\"Return Policy\" role=\"presentation\"}} </span>\r\n<div class=\"brief-info__content\">\r\n<h3 class=\"brief-info__title\">Lorem Ipsum is simply</h3>\r\n<p class=\"brief-info__subtitle\">30-day return policy</p>\r\n</div>\r\n</li>\r\n<li class=\"brief-info__item\"><span class=\"\r\n                            brief-info__icon-wrapper\r\n                            margin-right-xs\r\n                        \" aria-label=\"Lorem Ipsum is simply\"> {{block class=\"Magento\\Framework\\View\\Element\\Template\" template=\"Magento_Theme::html/svg-icon.phtml\" icon=\"bigstar\" icon_class=\"icon brief-info__icon\" title=\"Big star\" role=\"presentation\"}} </span>\r\n<div class=\"brief-info__content\">\r\n<h3 class=\"brief-info__title\">Lorem Ipsum is simply</h3>\r\n<p class=\"brief-info__subtitle\">Now in stock!</p>\r\n</div>\r\n</li>\r\n<li class=\"brief-info__item\"><span class=\"\r\n                            brief-info__icon-wrapper\r\n                            margin-right-xs\r\n                        \" aria-label=\"Our Customers Are Talking\"> {{block class=\"Magento\\Framework\\View\\Element\\Template\" template=\"Magento_Theme::html/svg-icon.phtml\" icon=\"reviews\" icon_class=\"icon brief-info__icon\" title=\"Our Customers Are Talking\" role=\"presentation\"}} </span>\r\n<div class=\"brief-info__content\">\r\n<h3 class=\"brief-info__title \">Our Customers Are Talking</h3>\r\n<p class=\"brief-info__subtitle\">Check out our reviews!</p>\r\n</div>\r\n</li>\r\n</ul>\r\n</div>\r\n</div>\r\n</section>', '2019-11-20 16:29:55', '2019-12-09 15:04:24', 1),
    (511, 'Home categories banners', 'home-categories-banners', '<section class=\"section section--fix-spacer-large\"><header class=\"section__heading\">\r\n<h2 class=\"heading--first-level margin-0\">Shop by category</h2>\r\n</header>\r\n<div class=\"section__content row\"><a class=\"banner col-xs-6 col-lg-3 home__category-banner margin-bottom-l\" href=\"/women.html\" aria-label=\"descriptive text about banner action and / or image\"> {{block class=\"Magento\\Framework\\View\\Element\\Template\" template=\"Magento_Theme::html/picture.phtml\" img480=\"cms/home/banners/category-clothing-144_200.jpg\" img_full=\"cms/home/banners/category-clothing-320_432.jpg\" picture_class=\"image\" picture_alt=\"banner alt\" img_ratio_width=\"320\" img_ratio_height=\"432\" id=\"category-home-banner-1\" }} <span class=\"banner__content\"> <span class=\"banner__text\">Clothing</span> <span class=\"banner__icon\"> {{block class=\"Magento\\Framework\\View\\Element\\Template\" template=\"Magento_Theme::html/svg-icon.phtml\" icon=\"arrow-right\" icon_class=\"\" title=\"Arrow right icon\" role=\"presentation\"}} </span> </span> </a> <a class=\"banner col-xs-6 col-lg-3 home__category-banner margin-bottom-l\" href=\"/men/bottoms-men.html\" aria-label=\"descriptive text about banner action and / or image\"> {{block class=\"Magento\\Framework\\View\\Element\\Template\" template=\"Magento_Theme::html/picture.phtml\" img480=\"cms/home/banners/category-shoes-144_200.jpg\" img_full=\"cms/home/banners/category-shoes-320_432.jpg\" picture_class=\"image\" picture_alt=\"banner alt\" img_ratio_width=\"320\" img_ratio_height=\"432\" id=\"category-home-banner-2\" }} <span class=\"banner__content\"> <span class=\"banner__text\">Shoes</span> <span class=\"banner__icon\"> {{block class=\"Magento\\Framework\\View\\Element\\Template\" template=\"Magento_Theme::html/svg-icon.phtml\" icon=\"arrow-right\" icon_class=\"\" title=\"Arrow right icon\" role=\"presentation\"}} </span> </span> </a> <a class=\"banner col-xs-6 col-lg-3 home__category-banner margin-bottom-l\" href=\"/gear.html\" aria-label=\"descriptive text about banner action and / or image\"> {{block class=\"Magento\\Framework\\View\\Element\\Template\" template=\"Magento_Theme::html/picture.phtml\" img480=\"cms/home/banners/category-accessories-144_200.jpg\" img_full=\"cms/home/banners/category-accessories-320_432.jpg\" picture_class=\"image\" picture_alt=\"banner alt\" img_ratio_width=\"320\" img_ratio_height=\"432\" id=\"category-home-banner-3\" }} <span class=\"banner__content\"> <span class=\"banner__text\">Accessories</span> <span class=\"banner__icon\"> {{block class=\"Magento\\Framework\\View\\Element\\Template\" template=\"Magento_Theme::html/svg-icon.phtml\" icon=\"arrow-right\" icon_class=\"\" title=\"Arrow right icon\" role=\"presentation\"}} </span> </span> </a> <a class=\"banner col-xs-6 col-lg-3 home__category-banner margin-bottom-l\" href=\"/what-is-new.html\" aria-label=\"descriptive text about banner action and / or image\"> {{block class=\"Magento\\Framework\\View\\Element\\Template\" template=\"Magento_Theme::html/picture.phtml\" img480=\"cms/home/banners/category-new-in-144_200.jpg\" img_full=\"cms/home/banners/category-new-in-320_432.jpg\" picture_class=\"image\" picture_alt=\"banner alt\" img_ratio_width=\"320\" img_ratio_height=\"432\" id=\"category-home-banner-4\" }} <span class=\"banner__content\"> <span class=\"banner__text\">New in</span> <span class=\"banner__icon\"> {{block class=\"Magento\\Framework\\View\\Element\\Template\" template=\"Magento_Theme::html/svg-icon.phtml\" icon=\"arrow-right\" icon_class=\"\" title=\"Arrow right icon\" role=\"presentation\"}} </span> </span> </a></div>\r\n</section>', '2019-11-20 16:33:28', '2020-10-02 12:32:27', 1),
    (512, 'Home additional banners', 'home-additional-banners', '<section class=\"section section--fix-spacer-medium\">\r\n<div class=\"section__content row\"><a class=\"\r\n                banner\r\n                col-xs-12\r\n                col-lg-6\r\n                home__banner\r\n            \" href=\"/women.html\" aria-label=\"descriptive text about banner action and / or image\"> {{block class=\"Magento\\Framework\\View\\Element\\Template\" template=\"Magento_Theme::html/picture.phtml\" img_default=\"cms/home/banners/banner-medium-women-now-656_264.jpg\" picture_class=\"image\" picture_alt=\"banner alt\" img_ratio_width=\"656\" img_ratio_height=\"264\" }} </a> <a class=\"\r\n                banner\r\n                col-xs-12\r\n                col-lg-6\r\n                home__banner\r\n            \" href=\"/men.html\" aria-label=\"descriptive text about banner action and / or image\"> {{block class=\"Magento\\Framework\\View\\Element\\Template\" template=\"Magento_Theme::html/picture.phtml\" img_default=\"cms/home/banners/banner-medium-men-now-656_264.jpg\" picture_class=\"image\" picture_alt=\"banner alt\" img_ratio_width=\"656\" img_ratio_height=\"264\" }} </a></div>\r\n</section>', '2019-11-20 16:34:09', '2020-09-22 16:38:04', 1),
    (513, 'Home products widget', 'home-products-widget', '<section class=\"section\">{{widget type=\"Magento\\CatalogWidget\\Block\\Product\\ProductsList\" title=\"Bestsellers\" show_pager=\"0\" products_count=\"10\" template=\"Magento_CatalogWidget::product/widget/content/grid.phtml\" conditions_encoded=\"^[`1`:^[`type`:`Magento||CatalogWidget||Model||Rule||Condition||Combine`,`aggregator`:`any`,`value`:`1`,`new_child`:``^],`1--1`:^[`type`:`Magento||CatalogWidget||Model||Rule||Condition||Product`,`attribute`:`sku`,`operator`:`()`,`value`:`WSH12, WSH11, WSH10, WSH09, WSH08, WSH07, WSH06, WSH05, WSH04, WSH03, WSH02, WSH01, WP13, WP12, WP11, WP10, WP09, WP08, WP07, WP06`^]^]\"}}</section>', '2019-11-20 16:34:47', '2020-09-04 19:34:32', 1),
    (514, 'Home NEW products widget', 'home-new-products-widget', '<section class=\"section\">{{widget type=\"Magento\\CatalogWidget\\Block\\Product\\ProductsList\" title=\"New products\" show_pager=\"0\" products_count=\"10\" template=\"Magento_CatalogWidget::product/widget/content/grid.phtml\" conditions_encoded=\"^[`1`:^[`type`:`Magento||CatalogWidget||Model||Rule||Condition||Combine`,`aggregator`:`any`,`value`:`1`,`new_child`:``^],`1--1`:^[`type`:`Magento||CatalogWidget||Model||Rule||Condition||Product`,`attribute`:`sku`,`operator`:`()`,`value`:`24-MB01, 24-MB04, 24-MB03, 24-MB05, 24-MB06, 24-MB02, 24-UB02, 24-WB01, 24-WB02, 24-WB05, 24-WB06, 24-WB03, 24-WB07, 24-WB04, 24-UG06, 24-UG07, 24-UG04, 24-UG02, 24-UG05, 24-UG01`^]^]\"}}</section>', '2019-11-20 16:35:22', '2020-09-04 19:33:24', 1),
    (515, 'Home teasers', 'home-teasers', '<section class=\"section\">\r\n<div class=\"section__content\">\r\n<div class=\"teaser teaser--secondary\">\r\n<div class=\"teaser__image\">{{block class=\"Magento\\Framework\\View\\Element\\Template\" template=\"Magento_Theme::html/picture.phtml\" img_768=\"cms/home/teasers/teaser-medium-girl_376-432.jpg\" img_1024=\"cms/home/teasers/teaser-medium-girl_472-432.jpg\" img_full=\"cms/home/teasers/teaser-large-girl_1328-1200.jpg\" img_default=\"cms/home/teasers/teaser-small-girl_768-768.jpg\" picture_alt=\"teaser alt\" img_ratio_width=\"768\" img_ratio_height=\"768\" img_ratio_width_768=\"376\" img_ratio_height_768=\"432\" img_ratio_width_1024=\"472\" img_ratio_height_1024=\"376\" img_ratio_width_1328=\"1328\" img_ratio_height_1328=\"1200\" id=\"home-teaser-picture\"}}</div>\r\n<div class=\"teaser__content\">\r\n<div class=\"teaser__content-block\">\r\n<div class=\"content-block \">\r\n<div class=\"row\">\r\n<div class=\"col-xs-12\">\r\n<h2 class=\"content-block__heading\">Lorem ipsum</h2>\r\n<div class=\"paragraph content-block__description\">Lorem Ipsum is simply dummy text of the printing and typesetting industry. Lorem Ipsum has been the industry\'s standard dummy text</div>\r\n<a class=\"link content-block__link\" title=\"Title\" href=\"/about-us.html\">Read more</a></div>\r\n</div>\r\n</div>\r\n</div>\r\n</div>\r\n</div>\r\n</div>\r\n</section>', '2019-11-20 16:36:02', '2020-09-22 16:39:05', 1),
    (516, 'Home content', 'home-content', '<section class=\"section\">\r\n<div class=\"section__content\">\r\n<div class=\"content-block content-block--secondary\">\r\n<div class=\"content-block__row row between-lg evenly-xl\">\r\n<div class=\"content-block__column col-xs-12 col-lg-4 col-xl-3\">\r\n<h2 class=\"heading--first-level content-block__heading  content-block__heading--secondary\">Lorem ipsum is simply</h2>\r\n</div>\r\n<div class=\"content-block__column col-xs-12 col-lg-7 col-xl-6\">\r\n<div class=\"paragraph content-block__introduction\">Lorem Ipsum is simply dummy text of the printing and typesetting industry. Lorem Ipsum has been the industry\'s standard dummy text ever since the 1500s</div>\r\n<div class=\"paragraph content-block__description\">Lorem ipsum dolor sit amet, consectetur adipiscing elit, sed do eiusmod tempor incididunt ut labore et dolore magna aliqua. Ut enim ad minim veniam, quis nostrud exercitation ullamco laboris, Lorem ipsum dolor sit amet, consectetur adipiscing elit, sed do eiusmod tempor incididunt ut labore et dolore magna aliqua. Ut enim ad minim veniam, quis nostrud exercitation ullamco laboris</div>\r\n</div>\r\n</div>\r\n</div>\r\n</div>\r\n</section>', '2019-11-20 16:36:32', '2019-12-09 09:57:49', 1),
    (517, 'Catalog Search - no results', 'search-no-results', '<p><strong>We can\'t find products matching the selection.</strong></p>\r\n<p><br>Try again selecting other criteria</p>\r\n<p><br>or</p>', '2019-11-23 06:52:28', '2019-12-03 17:24:30', 1),
    (518, 'Privacy FAQs', 'prgdpr_privacy_faqs', '<div class=\"prgdpr__faq\">\n                <h2 class=\"prgdpr__title\">Privacy FAQs</h2>\n                <p class=\"prgdpr__descr\">Learn how our policies put transparency, simplicity, and control into action for you.</p>\n                <ul class=\"prgdpr-accordion\">\n                    <li class=\"prgdpr-accordion__item\">\n                        <input class=\"prgdpr-accordion__toggle\" checked=\"checked\" type=\"checkbox\" />\n                        <i class=\"prgdpr-accordion__btn\"></i>\n                        <b class=\"prgdpr__name prgdpr-accordion__name\">What information do you collect about me?</b>\n                        <div class=\"prgdpr-accordion__descr\">\n                            <p>Initially, we collect basic information from you to create your account, including your full name, email and password. We collect further data, such as address, and billing information or other information you provide when you checkout at our store. We also collect some information about users who visit our websites using cookies and similar technologies. See the Privacy Policy and/or Cookie Policy for the particular website(s) or service(s) you are using for more details about the specific types of information we may collect and your choices related to that data.</p>\n                        </div>\n                    </li>\n                    <li class=\"prgdpr-accordion__item\">\n                        <input class=\"prgdpr-accordion__toggle\" checked=\"checked\" type=\"checkbox\" />\n                        <i class=\"prgdpr-accordion__btn\"></i>\n                        <b class=\"prgdpr__name prgdpr-accordion__name\">How do you use information about me?</b>\n                        <div class=\"prgdpr-accordion__descr\">\n                            <p>We primarily use information about you to provide, personalize, improve, update and expand and improve our services to you. For example, we use information about you to create your account and deliver our products and services. We may also use your information to improve or develop new products and services, and for internal business purposes. We may also use personal information about you to verify your identity, communicate with you and to deliver advertisements, issuing surveys and questionnaires to collect additional user information for use in the services, marketing new products and offers from us or our business partners, detecting and protecting against error, fraud, or other criminal or malicious activity. See our Privacy Policy for more details.</p>\n                        </div>\n                    </li>\n                    <li class=\"prgdpr-accordion__item\">\n                        <input class=\"prgdpr-accordion__toggle\" checked=\"checked\" type=\"checkbox\" />\n                        <i class=\"prgdpr-accordion__btn\"></i>\n                        <b class=\"prgdpr__name prgdpr-accordion__name\">Do you share information about me?</b>\n                        <div class=\"prgdpr-accordion__descr\">\n                            <p>We do not share your personal information with third-parties without your additional consent other than as described in our Privacy Policy. Otherwise, we share information as described in our Privacy Policy, such as with our affiliated companies, our service providers, our advertising partners, and in other limited scenarios, such as in response to valid legal process or as appropriate to protect the rights, property, safety, confidentiality, or reputation of our company, our affiliates, and our users. You can read the Privacy Policy for the particular website(s) or service(s) you are using for more details about how we share your data and your choices related to that sharing.</p>\n                        </div>\n                    </li>\n                    <li class=\"prgdpr-accordion__item\">\n                        <input class=\"prgdpr-accordion__toggle\" checked=\"checked\" type=\"checkbox\" />\n                        <i class=\"prgdpr-accordion__btn\"></i>\n                        <b class=\"prgdpr__name prgdpr-accordion__name\">How can I review, update, or delete information about me?</b>\n                        <div class=\"prgdpr-accordion__descr\">\n                            <p>You can review, update, or delete most information about yourself through your account page on our website. If you have questions about how to review, update, or delete information, you should contact our Data Protection Office or Customer Services team.</p>\n                        </div>\n                    </li>\n                    <li class=\"prgdpr-accordion__item\">\n                        <input class=\"prgdpr-accordion__toggle\" checked=\"checked\" type=\"checkbox\" />\n                        <i class=\"prgdpr-accordion__btn\"></i>\n                        <b class=\"prgdpr__name prgdpr-accordion__name\">What happens to my information if I delete my account?</b>\n                        <div class=\"prgdpr-accordion__descr\">\n                            <p>When you delete your account, we remove your information from our store (it may take up to 30 days to make sure everything is deleted). During that period, you won\'t be able to use your account. Our company also retains certain data to comply with local laws, such as sales receipts to comply with local tax laws.</p>\n                            <p>Please keep in mind that once your account has been deleted you won\'t be able to reactivate your account or retrieve anything you\'ve added, including:</p>\n                            <ul>\n                                <li>Your billing information</li>\n                                <li>Your orders, invoices, shipments</li>\n                                <li>Any history of interactions with our support</li>\n                                <li>Any content you have created associated with your store account</li>\n                                <li>You also will no longer be able to return any products or services and will lose any existing store rewards or credits</li>\n                            </ul>\n                            <p>If you decide that you no longer wish to delete your store account, you can cancel your deletion request within 24 hours of making the deletion request by login in to your account.</p>\n                        </div>\n                    </li>\n                    <li class=\"prgdpr-accordion__item\">\n                        <input class=\"prgdpr-accordion__toggle\" checked=\"checked\" type=\"checkbox\" />\n                        <i class=\"prgdpr-accordion__btn\"></i>\n                        <b class=\"prgdpr__name prgdpr-accordion__name\">What are you doing to protect my personal information?</b>\n                        <div class=\"prgdpr-accordion__descr\">\n                            <p>We work hard to protect our customers from unauthorized access, use and disclosure of information. We store and process the information we collect on computer systems with limited access, which are located in controlled facilities. Any sensitive information is protected through the use of best-practice physical, environmental and digital security systems.</p>\n                        </div>\n                    </li>\n                    <li class=\"prgdpr-accordion__item\">\n                        <input class=\"prgdpr-accordion__toggle\" checked=\"checked\" type=\"checkbox\" />\n                        <i class=\"prgdpr-accordion__btn\"></i>\n                        <b class=\"prgdpr__name prgdpr-accordion__name\">What can I do to protect my personal information?</b>\n                        <div class=\"prgdpr-accordion__descr\">\n                            <p>There are a number of measures that you can take to protect your personal information, including:</p>\n                            <ul>\n                                <li>Use strong passwords for all your online accounts</li>\n                                <li>Do keep passwords securely (never written down, or shared with anyone) and changed periodically</li>\n                                <li>Don\'t automatically trust every website or email which asks you to provide your personal information. Take time to check that the request is valid, and that the personal information requested is absolutely necessary for the services that you are looking to use</li>\n                            </ul>\n                        </div>\n                    </li>\n                </ul>\n            </div>\n            <div class=\"prgdpr__footer\">\n                <p class=\"prgdpr__footer-text-top\">Please contact our Data Protection Officer with any questions or concerns via email at <a href=\"mailto:privacy@domain.com\">privacy@domain.com</a> or via postal mail at:</p>\n                <p class=\"prgdpr__address\">Data Protection Officer<br /> Your Company<br /> 123 Street, Suite 444<br /> New York, NY 10001<br /> USA</p>\n            </div>', '2020-01-28 09:30:40', '2020-01-28 09:30:40', 1),
    (519, 'Popup product button benefit 1', 'popup-product-button-benefit-1', '<div class=\" \r\n        brief-info__icon-wrapper\r\n        margin-right-xs\r\n    \" aria-label=\"Delivery\">{{block class=\"Magento\\Framework\\View\\Element\\Template\" template=\"Magento_Theme::html/svg-icon.phtml\" icon=\"delivery-truck\" title=\"Free shipping icon\" icon_class=\"icon brief-info__icon\" role=\"presentation\" focusable=\"false\"}}</div>\r\n<div class=\"brief-info__content\">\r\n<h3 class=\"brief-info__title\">Free Shipping</h3>\r\n<p class=\"brief-info__subtitle\">On Hundreds of Products</p>\r\n</div>', '2020-03-09 13:17:55', '2020-03-09 13:17:55', 1),
    (520, 'Popup product benefit 1', 'popup-product-benefit-1', '<h2>Popup Product Benefit 1!</h2>\r\n<p>Lorem ipsum dolor sit amet, consectetur adipiscing elit. Sed vel dui at dui rhoncus molestie. Praesent imperdiet semper gravida. Fusce ultricies dapibus magna, a fermentum purus viverra sed.</p>\r\n<p>Cras sed ultricies enim. Sed suscipit quis neque a porttitor. Phasellus aliquam ex ac mattis tincidunt. Lorem ipsum dolor sit amet, c</p>', '2020-03-09 13:19:29', '2020-03-09 13:19:29', 1),
    (521, 'Popup product button benefit 2', 'popup-product-button-benefit-2', '<div class=\" \r\n        brief-info__icon-wrapper\r\n        margin-right-xs\r\n    \" aria-label=\"Return Policy\">{{block class=\"Magento\\Framework\\View\\Element\\Template\" template=\"Magento_Theme::html/svg-icon.phtml\" icon=\"return\" title=\"Return Icon\" icon_class=\"icon brief-info__icon\" role=\"presentation\" focusable=\"false\"}}</div>\r\n<div class=\"brief-info__content\">\r\n<h3 class=\"brief-info__title\">Return Policy</h3>\r\n<p class=\"brief-info__subtitle\">Lorem Ipsum is simply</p>\r\n</div>', '2020-03-09 13:20:39', '2020-03-09 13:20:39', 1),
    (522, 'Popup product benefit 2', 'popup-product-benefit-2', '<h2>Popup Product Benefit 2!</h2>\r\n<p>Lorem ipsum dolor sit amet, consectetur adipiscing elit. Sed vel dui at dui rhoncus molestie. Praesent imperdiet semper gravida. Fusce ultricies dapibus magna, a fermentum purus viverra sed.</p>\r\n<p>Cras sed ultricies enim. Sed suscipit quis neque a porttitor. Phasellus aliquam ex ac mattis tincidunt. Lorem ipsum dolor sit amet, c</p>', '2020-03-09 13:21:29', '2020-03-09 13:21:29', 1),
    (523, 'Stock Status - More on the way', 'more_on_the_way', 'More on the way content to be added via more_on_the_way cms block', '2020-03-10 12:22:09', '2020-03-10 12:22:09', 1),
    (524, 'Stock Status - Backordered', 'back_ordered', 'Back ordered content to be added via back_ordered cms block', '2020-03-10 12:22:09', '2020-03-10 12:22:09', 1),
    (525, 'Stock Status - Custom Order', 'custom_ordered', 'Custom order content to be added via custom_order cms block', '2020-03-10 12:22:09', '2020-03-10 12:22:09', 1),
    (526, 'Stock Status - Expanded Lead Time', 'expanded_lead_time', 'Expanded Lead Time content to be added via expanded_lead_time cms block', '2020-03-10 12:22:09', '2020-03-10 12:22:09', 1),
    (527, 'Stock Status - Sold Out', 'sold_out', 'Sold Out content to be added via sold_out cms block', '2020-03-10 12:22:09', '2020-03-10 12:22:09', 1),
    (528, 'In Stock popup content', 'one-day-shipping', '<h3 id=\"shipping-latency-title\">The product is in stock</h3>\r\n<p>Usually shipps in less than 24 hours</p>', '2020-03-10 13:03:15', '2020-03-10 13:09:47', 1);
INSERT IGNORE INTO `cms_block_store` (`block_id`, `store_id`)
VALUES
    (500, 0),
    (501, 0),
    (502, 0),
    (503, 0),
    (504, 0),
    (505, 0),
    (506, 0),
    (507, 0),
    (508, 0),
    (509, 0),
    (510, 0),
    (511, 0),
    (512, 0),
    (513, 0),
    (514, 0),
    (515, 0),
    (516, 0),
    (517, 0),
    (518, 0),
    (519, 0),
    (520, 0),
    (521, 0),
    (522, 0),
    (523, 0),
    (524, 0),
    (525, 0),
    (526, 0),
    (527, 0),
    (528, 0);
INSERT IGNORE INTO `snowmenu_menu` (`menu_id`, `title`, `identifier`, `css_class`, `creation_time`, `update_time`, `is_active`)
VALUES
    (1, 'Main menu', 'main-desktop', 'mega-menu', '2019-10-03 13:24:47', '2019-10-03 20:50:28', 1),
    (2, 'Mobile menu', 'main-mobile', 'dropdown-list', '2019-10-03 20:49:39', '2019-10-03 20:49:39', 1),
    (3, 'Footer links', 'main-footer', 'dropdown-list', '2019-10-03 21:28:13', '2019-10-03 21:28:13', 1);
INSERT IGNORE INTO `snowmenu_store` (`menu_id`, `store_id`)
VALUES
    (1, 1),
    (2, 1),
    (3, 1);
INSERT IGNORE INTO `snowmenu_node` (`node_id`, `menu_id`, `type`, `content`, `classes`, `parent_id`, `position`, `level`, `title`, `target`, `image`, `image_alt_text`, `node_template`, `submenu_template`, `creation_time`, `update_time`, `is_active`)
VALUES
    (345, 2, 'category', '38', NULL, NULL, 0, 0, 'What\'s new', 0, NULL, NULL, NULL, NULL, '2019-10-03 21:10:26', '2019-10-03 21:10:26', 1),
    (346, 2, 'category', NULL, NULL, 345, 0, 1, 'Line 1', 0, NULL, NULL, NULL, NULL, '2019-10-03 21:10:26', '2019-10-03 21:10:26', 1),
    (347, 2, 'category', NULL, NULL, 345, 1, 1, 'Line 2', 0, NULL, NULL, NULL, NULL, '2019-10-03 21:10:26', '2019-10-03 21:10:26', 1),
    (348, 2, 'category', NULL, NULL, 345, 2, 1, 'Line 3', 0, NULL, NULL, NULL, NULL, '2019-10-03 21:10:26', '2019-10-03 21:10:26', 1),
    (349, 2, 'category', NULL, NULL, 345, 3, 1, 'Line 4', 0, NULL, NULL, NULL, NULL, '2019-10-03 21:10:26', '2019-10-03 21:10:26', 1),
    (350, 2, 'category', NULL, NULL, 345, 4, 1, 'Line 5', 0, NULL, NULL, NULL, NULL, '2019-10-03 21:10:26', '2019-10-03 21:10:26', 1),
    (351, 2, 'category', NULL, NULL, 345, 5, 1, 'Line 6', 0, NULL, NULL, NULL, NULL, '2019-10-03 21:10:26', '2019-10-03 21:10:26', 1),
    (352, 2, 'category', NULL, NULL, 345, 6, 1, 'Line 7', 0, NULL, NULL, NULL, NULL, '2019-10-03 21:10:26', '2019-10-03 21:10:27', 1),
    (353, 2, 'category', NULL, NULL, 345, 7, 1, 'Line 8', 0, NULL, NULL, NULL, NULL, '2019-10-03 21:10:26', '2019-10-03 21:10:27', 1),
    (354, 2, 'category', '20', NULL, NULL, 1, 0, 'Women', 0, NULL, NULL, NULL, NULL, '2019-10-03 21:10:26', '2019-10-03 21:10:27', 1),
    (355, 2, 'category', '21', NULL, 354, 0, 1, 'Tops', 0, NULL, NULL, NULL, NULL, '2019-10-03 21:10:26', '2019-10-03 21:10:27', 1),
    (356, 2, 'category', '22', NULL, 354, 1, 1, 'Bottoms', 0, NULL, NULL, NULL, NULL, '2019-10-03 21:10:26', '2019-10-03 21:10:27', 1),
    (375, 2, 'category', '11', NULL, NULL, 2, 0, 'Men', 0, NULL, NULL, NULL, NULL, '2019-10-03 21:10:26', '2019-10-03 21:10:27', 1),
    (376, 2, 'category', '12', NULL, 375, 0, 1, 'Tops', 0, NULL, NULL, NULL, NULL, '2019-10-03 21:10:26', '2019-10-03 21:10:27', 1),
    (377, 2, 'category', '13', NULL, 375, 1, 1, 'Bottoms', 0, NULL, NULL, NULL, NULL, '2019-10-03 21:10:26', '2019-10-03 21:10:27', 1),
    (382, 2, 'category', '3', NULL, NULL, 3, 0, 'Gear', 0, NULL, NULL, NULL, NULL, '2019-10-03 21:10:26', '2019-10-03 21:10:27', 1),
    (383, 2, 'category', '9', NULL, NULL, 4, 0, 'Training', 0, NULL, NULL, NULL, NULL, '2019-10-03 21:10:26', '2019-10-03 21:10:27', 1),
    (384, 2, 'category', '37', NULL, NULL, 5, 0, 'Sale', 0, NULL, NULL, NULL, NULL, '2019-10-03 21:10:26', '2019-10-03 21:10:27', 1),
    (1090, 3, 'category', NULL, NULL, NULL, 0, 0, 'Customers', 0, NULL, NULL, NULL, NULL, '2019-11-16 00:04:54', '2019-11-16 00:04:54', 1),
    (1091, 3, 'wrapper', NULL, 'list__column list__column--hidden', 1090, 0, 1, 'Column 1', 0, NULL, NULL, NULL, NULL, '2019-11-16 00:04:54', '2019-11-16 00:04:54', 1),
    (1092, 3, 'custom_url', '/customer/account/login', NULL, 1091, 0, 2, 'Login to My Account', 0, NULL, NULL, NULL, NULL, '2019-11-16 00:04:54', '2020-09-04 16:53:49', 1),
    (1093, 3, 'custom_url', '/customer/account/create', NULL, 1091, 1, 2, 'Create an Account', 0, NULL, NULL, NULL, NULL, '2019-11-16 00:04:54', '2020-09-04 16:53:58', 1),
    (1094, 3, 'custom_url', '/sales/order/history/', NULL, 1091, 2, 2, 'My Orders', 0, NULL, NULL, NULL, NULL, '2019-11-16 00:04:54', '2020-09-04 16:54:08', 1),
    (1095, 3, 'wrapper', NULL, 'list__column list__column--hidden', 1090, 1, 1, 'Column 2', 0, NULL, NULL, NULL, NULL, '2019-11-16 00:04:54', '2019-11-16 00:04:54', 1),
    (1096, 3, 'custom_url', '/checkout/cart', NULL, 1095, 0, 2, 'My Cart', 0, NULL, NULL, NULL, NULL, '2019-11-16 00:04:54', '2020-09-04 16:54:27', 1),
    (1097, 3, 'custom_url', '/checkout', NULL, 1095, 1, 2, 'Checkout', 0, NULL, NULL, NULL, NULL, '2019-11-16 00:04:54', '2020-09-04 16:54:38', 1),
    (1098, 3, 'category', NULL, NULL, NULL, 1, 0, 'Information', 0, NULL, NULL, NULL, NULL, '2019-11-16 00:04:54', '2019-11-16 00:04:54', 1),
    (1099, 3, 'wrapper', NULL, 'list__column list__column--hidden', 1098, 0, 1, 'Column 1', 0, NULL, NULL, NULL, NULL, '2019-11-16 00:04:54', '2019-11-16 00:04:54', 1),
    (1100, 3, 'custom_url', '/store-locator', NULL, 1099, 0, 2, 'Opening Hours', 0, NULL, NULL, NULL, NULL, '2019-11-16 00:04:54', '2020-09-04 16:56:13', 1),
    (1101, 3, 'cms_page', 'about-us', NULL, 1099, 1, 2, 'About Us', 0, NULL, NULL, NULL, NULL, '2019-11-16 00:04:54', '2019-11-16 00:04:55', 1),
    (1102, 3, 'custom_url', 'contact', NULL, 1099, 2, 2, 'Contact us', 0, NULL, NULL, NULL, NULL, '2019-11-16 00:04:54', '2019-11-16 00:04:55', 1),
    (1103, 3, 'wrapper', NULL, 'list__column list__column--hidden', 1098, 1, 1, 'Column 2', 0, NULL, NULL, NULL, NULL, '2019-11-16 00:04:54', '2019-11-16 00:04:55', 1),
    (1104, 3, 'category', NULL, NULL, 1103, 0, 2, 'Job Openings', 0, NULL, NULL, NULL, NULL, '2019-11-16 00:04:54', '2019-11-16 00:04:55', 1),
    (1105, 3, 'cms_page', 'returns', NULL, 1103, 1, 2, 'Returns', 0, NULL, NULL, NULL, NULL, '2019-11-16 00:04:54', '2019-11-16 00:04:55', 1),
    (1106, 3, 'cms_page', 'shipping', NULL, 1103, 2, 2, 'Shipping', 0, NULL, NULL, NULL, NULL, '2019-11-16 00:04:54', '2019-11-16 00:04:55', 1),
    (1107, 3, 'wrapper', NULL, 'list__column list__column--hidden', 1098, 2, 1, 'Column 3', 0, NULL, NULL, NULL, NULL, '2019-11-16 00:04:54', '2019-11-16 00:04:55', 1),
    (1108, 3, 'custom_url', '/store-locator', NULL, 1107, 0, 2, 'Store Location', 0, NULL, NULL, NULL, NULL, '2019-11-16 00:04:54', '2020-09-04 16:57:48', 1),
    (1109, 3, 'cms_page', 'privacy-policy-cookie-restriction-mode', NULL, 1107, 1, 2, 'Privacy Policy', 0, NULL, NULL, NULL, NULL, '2019-11-16 00:04:54', '2019-11-16 00:04:55', 1),
    (1110, 3, 'category', NULL, NULL, 1107, 2, 2, 'Terms & Conditions', 0, NULL, NULL, NULL, NULL, '2019-11-16 00:04:54', '2019-11-16 00:04:55', 1),
    (1111, 3, 'wrapper', NULL, 'list__column list__column--hidden', 1098, 3, 1, 'Column 4', 0, NULL, NULL, NULL, NULL, '2019-11-16 00:04:54', '2019-11-16 00:04:55', 1),
    (1112, 3, 'category', NULL, NULL, 1111, 0, 2, 'Reviews', 0, NULL, NULL, NULL, NULL, '2019-11-16 00:04:54', '2019-11-16 00:04:55', 1),
    (1113, 3, 'custom_url', '/sitemap.xml', NULL, 1111, 1, 2, 'Sitemap', 0, NULL, NULL, NULL, NULL, '2019-11-16 00:04:54', '2020-09-04 16:59:14', 1),
    (1114, 3, 'cms_page', 'contact-us', NULL, 1111, 2, 2, 'Email Us!', 0, NULL, NULL, NULL, NULL, '2019-11-16 00:04:54', '2019-11-16 00:04:55', 1),
    (1115, 1, 'category', '38', 'mega-menu__item--secondary', NULL, 0, 0, 'What\'s New', 0, NULL, NULL, NULL, NULL, '2020-02-25 14:38:54', '2020-02-25 14:38:55', 1),
    (1116, 1, 'custom_url', '#', NULL, 1115, 0, 1, 'Line 1', 0, NULL, NULL, NULL, NULL, '2020-02-25 14:38:54', '2020-02-25 14:38:55', 1),
    (1117, 1, 'custom_url', '#', NULL, 1115, 1, 1, 'Line 2', 0, NULL, NULL, NULL, NULL, '2020-02-25 14:38:54', '2020-02-25 14:38:55', 1),
    (1118, 1, 'custom_url', '#', NULL, 1115, 2, 1, 'Line 3', 0, NULL, NULL, NULL, NULL, '2020-02-25 14:38:54', '2020-02-25 14:38:55', 1),
    (1119, 1, 'custom_url', '#', NULL, 1115, 3, 1, 'Line 4', 0, NULL, NULL, NULL, NULL, '2020-02-25 14:38:54', '2020-02-25 14:38:55', 1),
    (1120, 1, 'custom_url', '#', NULL, 1115, 4, 1, 'Line 5', 0, NULL, NULL, NULL, NULL, '2020-02-25 14:38:54', '2020-02-25 14:38:55', 1),
    (1121, 1, 'custom_url', '#', NULL, 1115, 5, 1, 'Line 6', 0, NULL, NULL, NULL, NULL, '2020-02-25 14:38:54', '2020-02-25 14:38:55', 1),
    (1122, 1, 'custom_url', '#', NULL, 1115, 6, 1, 'Line 7', 0, NULL, NULL, NULL, NULL, '2020-02-25 14:38:54', '2020-02-25 14:38:55', 1),
    (1123, 1, 'custom_url', '#', NULL, 1115, 7, 1, 'Line 8', 0, NULL, NULL, NULL, NULL, '2020-02-25 14:38:54', '2020-02-25 14:38:55', 1),
    (1124, 1, 'category', '20', 'mega-menu__item--rows', NULL, 1, 0, 'Women', 0, NULL, NULL, NULL, NULL, '2020-02-25 14:38:54', '2020-02-25 14:38:55', 1),
    (1125, 1, 'wrapper', NULL, 'mega-menu__column-hidden mega-menu__inner-item--inline', 1124, 0, 1, 'Row 1', 0, NULL, NULL, NULL, NULL, '2020-02-25 14:38:54', '2021-09-22 15:18:12', 1),
    (1126, 1, 'category', '20', NULL, 1125, 0, 2, 'Shop all', 0, NULL, NULL, NULL, NULL, '2020-02-25 14:38:54', '2020-02-25 14:38:55', 1),
    (1127, 1, 'category', '30', NULL, 1125, 1, 2, 'Deals', 0, NULL, NULL, NULL, NULL, '2020-02-25 14:38:54', '2020-02-25 14:38:55', 1),
    (1128, 1, 'cms_block', 'menu-clothes-images', 'mega-menu__column-hidden mega-menu__inner-item--images', 1124, 1, 1, 'Row 2', 0, NULL, NULL, NULL, NULL, '2020-02-25 14:38:54', '2020-02-25 14:38:55', 1),
    (1129, 1, 'wrapper', NULL, 'mega-menu__column-hidden mega-menu__inner-item--columns', 1124, 2, 1, 'Row 3', 0, NULL, NULL, NULL, NULL, '2020-02-25 14:38:54', '2021-09-22 15:18:19', 1),
    (1130, 1, 'wrapper', NULL, 'mega-menu__column-hidden', 1129, 0, 2, 'Row 3a', 0, NULL, NULL, NULL, NULL, '2020-02-25 14:38:54', '2021-09-22 15:18:24', 1),
    (1131, 1, 'category', '22', 'mega-menu__inner-item--children', 1130, 0, 3, 'Bottoms', 0, NULL, NULL, NULL, NULL, '2020-02-25 14:38:54', '2020-02-25 14:38:55', 1),
    (1132, 1, 'category', '27', NULL, 1131, 0, 4, 'Pants', 0, NULL, NULL, NULL, NULL, '2020-02-25 14:38:54', '2020-02-25 14:38:55', 1),
    (1133, 1, 'category', '28', NULL, 1131, 1, 4, 'Shorts', 0, NULL, NULL, NULL, NULL, '2020-02-25 14:38:54', '2020-02-25 14:38:55', 1),
    (1135, 1, 'custom_url', '#', NULL, 1130, 1, 3, 'Sample 1-2', 0, NULL, NULL, NULL, NULL, '2020-02-25 14:38:54', '2020-02-25 14:38:55', 1),
    (1136, 1, 'wrapper', NULL, 'mega-menu__column-hidden', 1129, 1, 2, 'Row 3b', 0, NULL, NULL, NULL, NULL, '2020-02-25 14:38:54', '2021-09-22 15:18:31', 1),
    (1137, 1, 'category', '21', 'mega-menu__inner-item--children', 1136, 0, 3, 'Tops', 0, NULL, NULL, NULL, NULL, '2020-02-25 14:38:54', '2020-02-25 14:38:55', 1),
    (1138, 1, 'category', '23', NULL, 1137, 0, 4, 'Jackets', 0, NULL, NULL, NULL, NULL, '2020-02-25 14:38:54', '2020-02-25 14:38:55', 1),
    (1139, 1, 'category', '24', NULL, 1137, 1, 4, 'Hoodies & Sweatshirts', 0, NULL, NULL, NULL, NULL, '2020-02-25 14:38:54', '2020-02-25 14:38:55', 1),
    (1140, 1, 'category', '25', NULL, 1137, 2, 4, 'Tees', 0, NULL, NULL, NULL, NULL, '2020-02-25 14:38:54', '2020-02-25 14:38:55', 1),
    (1141, 1, 'custom_url', '#', NULL, 1136, 1, 3, 'Sample', 0, NULL, NULL, NULL, NULL, '2020-02-25 14:38:54', '2020-02-25 14:38:55', 1),
    (1142, 1, 'wrapper', NULL, 'mega-menu__column-hidden', 1129, 2, 2, 'Row 3c', 0, NULL, NULL, NULL, NULL, '2020-02-25 14:38:54', '2021-09-22 15:18:36', 1),
    (1143, 1, 'category', NULL, 'mega-menu__inner-item--children', 1142, 0, 3, 'Sample Col 3', 0, NULL, NULL, NULL, NULL, '2020-02-25 14:38:54', '2020-02-25 14:38:55', 1),
    (1144, 1, 'category', NULL, NULL, 1143, 0, 4, 'Sample 3-1', 0, NULL, NULL, NULL, NULL, '2020-02-25 14:38:54', '2020-02-25 14:38:55', 1),
    (1145, 1, 'category', NULL, NULL, 1143, 1, 4, 'Sample 3-2', 0, NULL, NULL, NULL, NULL, '2020-02-25 14:38:54', '2020-02-25 14:38:55', 1),
    (1146, 1, 'category', NULL, NULL, 1143, 2, 4, 'Sample 3-3', 0, NULL, NULL, NULL, NULL, '2020-02-25 14:38:54', '2020-02-25 14:38:55', 1),
    (1147, 1, 'category', NULL, NULL, 1143, 3, 4, 'Sample 3-4', 0, NULL, NULL, NULL, NULL, '2020-02-25 14:38:54', '2020-02-25 14:38:55', 1),
    (1148, 1, 'category', NULL, 'mega-menu__column-hidden', 1129, 3, 2, 'Row 3d', 0, NULL, NULL, NULL, NULL, '2020-02-25 14:38:54', '2020-02-25 14:38:55', 1),
    (1149, 1, 'category', NULL, NULL, 1148, 0, 3, 'Sample 4-1', 0, NULL, NULL, NULL, NULL, '2020-02-25 14:38:54', '2020-02-25 14:38:55', 1),
    (1150, 1, 'category', NULL, NULL, 1148, 1, 3, 'Sample 4-2', 0, NULL, NULL, NULL, NULL, '2020-02-25 14:38:54', '2020-02-25 14:38:55', 1),
    (1151, 1, 'category', NULL, NULL, 1148, 2, 3, 'Sample 4-3', 0, NULL, NULL, NULL, NULL, '2020-02-25 14:38:54', '2020-02-25 14:38:55', 1),
    (1152, 1, 'category', NULL, NULL, 1148, 3, 3, 'Sample 4-4', 0, NULL, NULL, NULL, NULL, '2020-02-25 14:38:54', '2020-02-25 14:38:55', 1),
    (1153, 1, 'category', NULL, NULL, 1148, 4, 3, 'Sample 4-5', 0, NULL, NULL, NULL, NULL, '2020-02-25 14:38:54', '2020-02-25 14:38:55', 1),
    (1154, 1, 'custom_url', NULL, 'mega-menu__item--secondary', NULL, 2, 0, 'Men', 0, NULL, NULL, NULL, NULL, '2020-02-25 14:38:54', '2020-02-25 14:38:55', 1),
    (1155, 1, 'category', '11', NULL, 1154, 0, 1, 'Shop all', 0, NULL, NULL, NULL, NULL, '2020-02-25 14:38:54', '2020-02-25 14:38:55', 1),
    (1156, 1, 'category', '12', NULL, 1154, 1, 1, 'Tops', 0, NULL, NULL, NULL, NULL, '2020-02-25 14:38:54', '2020-02-25 14:38:55', 1),
    (1157, 1, 'category', '13', NULL, 1154, 2, 1, 'Bottoms', 0, NULL, NULL, NULL, NULL, '2020-02-25 14:38:54', '2020-02-25 14:38:55', 1),
    (1161, 1, 'category', '3', 'mega-menu__item--secondary', NULL, 3, 0, 'Gear', 0, NULL, NULL, NULL, NULL, '2020-02-25 14:38:54', '2020-02-25 14:38:56', 1),
    (1162, 1, 'category', NULL, 'mega-menu__item--secondary', NULL, 4, 0, 'Training', 0, NULL, NULL, NULL, NULL, '2020-02-25 14:38:54', '2020-02-25 14:38:56', 1),
    (1163, 1, 'category', '29', 'mega-menu__item--secondary', NULL, 5, 0, 'Sale', 0, NULL, NULL, NULL, NULL, '2020-02-25 14:38:54', '2020-02-25 14:38:56', 1),
    (1164, 1, 'category', '4', NULL, 1161, 0, 1, 'Bags', 0, NULL, NULL, NULL, NULL, '2020-09-04 16:01:20', '2020-09-04 16:01:20', 1),
    (1165, 1, 'category', '5', NULL, 1161, 1, 1, 'Fitness Equipment', 0, NULL, NULL, NULL, NULL, '2020-09-04 16:01:20', '2020-09-04 16:01:20', 1),
    (1166, 1, 'category', '6', NULL, 1161, 2, 1, 'Watches', 0, NULL, NULL, NULL, NULL, '2020-09-04 16:01:20', '2020-09-04 16:01:20', 1),
    (1167, 1, 'category', '10', NULL, 1162, 0, 1, 'Video Download', 0, NULL, NULL, NULL, NULL, '2020-09-04 16:01:20', '2020-09-04 16:01:21', 1),
    (1168, 1, 'custom_url', '#', NULL, 1130, 2, 3, 'Sample 2-2', 0, NULL, NULL, NULL, NULL, '2020-09-04 16:40:02', '2020-09-04 16:40:02', 1),
    (1169, 2, 'category', '23', NULL, 355, 0, 2, 'Jackets', 0, NULL, NULL, NULL, NULL, '2020-09-08 16:39:32', '2020-09-08 16:39:32', 1),
    (1170, 2, 'category', '24', NULL, 355, 1, 2, 'Hoodies & Sweatshirts', 0, NULL, NULL, NULL, NULL, '2020-09-08 16:39:32', '2020-09-08 16:39:32', 1),
    (1171, 2, 'category', '25', NULL, 355, 2, 2, 'Tees', 0, NULL, NULL, NULL, NULL, '2020-09-08 16:39:32', '2020-09-08 16:39:32', 1),
    (1172, 2, 'category', '27', NULL, 356, 0, 2, 'Pants', 0, NULL, NULL, NULL, NULL, '2020-09-08 16:39:32', '2020-09-08 16:39:32', 1),
    (1173, 2, 'category', '28', NULL, 356, 1, 2, 'Shorts', 0, NULL, NULL, NULL, NULL, '2020-09-08 16:39:32', '2020-09-08 16:39:32', 1),
    (1174, 2, 'category', '4', NULL, 382, 0, 1, 'Bags', 0, NULL, NULL, NULL, NULL, '2020-09-08 16:42:29', '2020-09-08 16:42:29', 1),
    (1175, 2, 'category', '5', NULL, 382, 1, 1, 'Fitness Equipment', 0, NULL, NULL, NULL, NULL, '2020-09-08 16:42:29', '2020-09-08 16:42:29', 1),
    (1176, 2, 'category', '6', NULL, 382, 2, 1, 'Watches', 0, NULL, NULL, NULL, NULL, '2020-09-08 16:42:29', '2020-09-08 16:42:29', 1);
INSERT IGNORE INTO `cms_page` (`page_id`, `title`, `page_layout`, `meta_keywords`, `meta_description`, `identifier`, `content_heading`, `content`, `creation_time`, `update_time`, `is_active`, `sort_order`, `layout_update_xml`, `custom_theme`, `custom_root_template`, `custom_layout_update_xml`, `custom_theme_from`, `custom_theme_to`, `meta_title`)
VALUES
    (300, 'Home page', 'empty', NULL, NULL, 'home', NULL, NULL, '2020-02-18 12:45:02', '2020-03-18 13:34:22', 1, 0, NULL, NULL, NULL, NULL, NULL, NULL, NULL);
INSERT IGNORE INTO `cms_page_store` (`page_id`, `store_id`)
VALUES
    (300, 0);